Model,MAE,RMSE,R² Score
LSTM,4.7056259111339065,6.572663250354584,0.9802459560537141
XGBoost,6.734738543620894,11.396560451885906,0.9406089711203489
Random Forest,7.413506365873941,12.731789278117066,0.9258771454542754
RNN,7.863626274690736,14.969536968856518,0.8975315926142886
