Model,MAE,RMSE,R² Score
LSTM,4.090727924757641,5.658822997654255,0.9853571547835714
XGBoost,7.366903031179604,12.19809728728505,0.9319610758909447
Random Forest,7.413506365873941,12.731789278117065,0.9258771454542754
